"name","state","state_code","type","in_state_tuition","in_state_total","mid_career_pay","stem_percent","net_cost"
"Adams State University","Colorado","CO","Public",9440,18222,81400,3,"15061.158"
"Agnes Scott College","Georgia","GA","Private",41160,53490,83600,26,"21142.89218"
"Alaska Pacific University","Alaska","AK","Private",20830,28130,90000,6,"21605.23004"
"Albany College of Pharmacy and Health Sciences","New York","NY","Private",35105,46025,144800,2,"30858.43655"
"Albertus Magnus College","Connecticut","CT","Private",32060,45260,85900,2,"25544.4687"
"Albion College","Michigan","MI","Private",45775,58155,99300,23,"16147.50526"
"Alcorn State University","Mississippi","MS","Public",7144,16752,69500,19,"16022.39463"
"Alma College","Michigan","MI","Private",40258,51256,89900,15,"21520.14107"
"Amherst College","Massachusetts","MA","Private",56426,71166,116500,32,"12192.9283"
"Amridge University","Alabama","AL","Private",6900,6900,65900,0,"0"
"Andrews University","Michigan","MI","Private",29288,38366,85000,7,"20832.2678"
"Arizona Christian University","Arizona","AZ","Private",26796,37470,76600,7,"24948.98691"
"Arkansas Tech University","Arkansas","AR","Public",9068,16938,76900,7,"13456.71109"
"Asbury University","Kentucky","KY","Private",30198,37358,70800,4,"30175.53123"
"Auburn University","Alabama","AL","Public",11276,24608,104500,31,"24435.62939"
"Auburn University at Montgomery","Alabama","AL","Public",10288,17268,79600,12,"17132.3501"
"Augsburg University","Minnesota","MN","Private",38800,49080,91000,11,"22131.46051"
"Augusta University","Georgia","GA","Public",10758,20398,84400,10,"18514.83821"
"Augustana University","South Dakota","SD","Private",33018,41266,88400,18,"17783.97134"
"Austin Peay State University","Tennessee","TN","Public",8411,19111,78200,10,"16129.72165"
"Avila University","Missouri","MO","Private",19900,27100,81200,3,"16262.59432"
"Babson College","Massachusetts","MA","Private",51104,67416,133800,0,"23249.98828"
"Baker University","Kansas","KS","Private",29830,38240,84200,2,"20458.59825"
"Ball State University","Indiana","IN","Public",9896,20130,83700,7,"15411.94444"
"Barry University","Florida","FL","Private",29850,40950,84400,12,"20740.9065"
"Barton College","North Carolina","NC","Private",30880,41000,77900,6,"25674.93113"
"Bates College","Maine","ME","Private",53794,69018,111900,23,"14707.34041"
"Baylor University","Texas","TX","Private",45727,58322,101400,16,"33267.99047"
"Belhaven University","Mississippi","MS","Private",25300,33800,74300,2,"17468.41108"
"Bellarmine University","Kentucky","KY","Private",42200,54450,90700,11,"26112.23297"
"Bellevue University","Nebraska","NE","Private",9390,18120,84800,23,"16463.04783"
"Bellin College","Wisconsin","WI","Private",22178,22178,97600,0,"22084"
"Belmont Abbey College","North Carolina","NC","Private",18500,28855,82900,7,"21118.47903"
"Belmont University","Tennessee","TN","Private",34310,46430,80900,3,"33923.15777"
"Beloit College","Wisconsin","WI","Private",50040,58870,85700,24,"13590.97388"
"Benedict College","South Carolina","SC","Private",16600,22800,67500,19,"19415.33901"
"Benedictine College","Kansas","KS","Private",29530,39830,91800,13,"23622.98248"
"Bennington College","Vermont","VT","Private",54360,69970,90000,5,"28491.98509"
"Bentley University","Massachusetts","MA","Private",49880,66200,116600,7,"28724.79305"
"Berea College","Kentucky","KY","Private",39990,46754,71600,27,"3693.310427"
"Berry College","Georgia","GA","Private",36556,49326,84900,21,"23605.39229"
"Bloomfield College","New Jersey","NJ","Private",29550,41500,89100,17,"21498.05769"
"Bluefield State College","West Virginia","WV","Public",8820,8820,72800,3,"11771.39004"
"Boise State University","Idaho","ID","Public",7694,18386,86400,14,"16598.94316"
"Boston College","Massachusetts","MA","Private",55464,69942,115400,13,"15506.70663"
"Boston University","Massachusetts","MA","Private",53948,69668,113600,25,"30289.15345"
"Bowdoin College","Maine","ME","Private",53922,68620,112000,37,"16381.13203"
"Bowie State University","Maryland","MD","Public",8233,19137,89900,11,"18451.26938"
"Bradley University","Illinois","IL","Private",33760,44380,104900,38,"23216.3634"
"Brandeis University","Massachusetts","MA","Private",55395,70835,113200,29,"23459.66466"
"Brescia University","Kentucky","KY","Private",22400,31600,81200,7,"12672.09648"
"Brigham Young University-Hawaii","Hawaii","HI","Private",5560,12146,93900,12,"11421.02512"
"Brigham Young University-Idaho","Idaho","ID","Private",4118,8710,93500,14,"7693.773109"
"Brown University","Rhode Island","RI","Private",55656,70326,127600,43,"13199.74983"
"Bryant University","Rhode Island","RI","Private",43973,59675,108600,8,"37768.02224"
"Bucknell University","Pennsylvania","PA","Private",56092,69754,122900,40,"27054.1753"
"Butler University","Indiana","IN","Private",41120,54950,99300,9,"35069.29581"
"California Institute of Technology","California","CA","Private",52362,67887,151600,97,"11727.92668"
"Calvin College","Michigan","MI","Private",34600,44800,91100,23,"23825.65275"
"Campbell University","North Carolina","NC","Private",32500,43930,82400,8,"24249.90476"
"Campbellsville University","Kentucky","KY","Private",25400,33400,66800,7,"21387.94179"
"Capitol Technology University","Maryland","MD","Private",25428,31136,118400,88,"25990.34159"
"Cardinal Stritch University","Wisconsin","WI","Private",29998,38438,82500,2,"16844.57413"
"Carleton College","Minnesota","MN","Private",54759,68844,109900,45,"16466.21672"
"Carnegie Mellon University","Pennsylvania","PA","Private",55465,69883,136100,66,"19260.58049"
"Carroll College","Montana","MT","Private",35486,45366,91400,25,"25145.80138"
"Carroll University","Wisconsin","WI","Private",31918,41402,86500,14,"21825.00417"
"Carson-Newman University","Tennessee","TN","Private",27900,36710,76500,5,"19062.69517"
"Carthage College","Wisconsin","WI","Private",43550,55540,85400,17,"27936.8249"
"Case Western Reserve University","Ohio","OH","Private",49042,64232,117800,37,"32024.22232"
"Castleton University","Vermont","VT","Public",12314,22912,76200,6,"18126.79423"
"Catawba College","North Carolina","NC","Private",30520,41008,78100,11,"21016.8193"
"Centenary College of Louisiana","Louisiana","LA","Private",36580,49980,88400,26,"20223.61731"
"Central Baptist College","Arkansas","AR","Private",16200,23700,68000,3,"16852.6681"
"Central Christian College of Kansas","Kansas","KS","Private",26674,34960,66100,2,"12824.97286"
"Central College","Iowa","IA","Private",37295,47575,88800,36,"19163.85772"
"Central Connecticut State University","Connecticut","CT","Public",10616,22792,93700,15,"17244.97406"
"Central Michigan University","Michigan","MI","Public",12960,23036,83600,13,"14839.75109"
"Central Washington University","Washington","WA","Public",8072,19187,93200,13,"15111.14976"
"Centre College","Kentucky","KY","Private",41700,52180,88500,22,"21264.75753"
"Chaminade University of Honolulu","Hawaii","HI","Private",25374,39004,84000,3,"23596.30782"
"Champlain College","Vermont","VT","Private",41010,56364,88400,14,"35519.17554"
"Charles R Drew University of Medicine and Science","California","CA","Private",17440,17440,135700,3,"0"
"Charleston Southern University","South Carolina","SC","Private",25500,35700,76300,9,"18495.91843"
"Charter Oak State College","Connecticut","CT","Public",10161,10161,85900,2,"0"
"Christian Brothers University","Tennessee","TN","Private",32820,40220,96500,14,"12262.1539"
"Christopher Newport University","Virginia","VA","Public",14754,26214,87200,25,"23799.15176"
"Claremont McKenna College","California","CA","Private",54405,71110,125400,16,"15676.84615"
"Clark University","Massachusetts","MA","Private",45730,54900,101400,14,"22380.73196"
"Clarke University","Iowa","IA","Private",33350,42950,80200,6,"25012.28764"
"Clarkson College","Nebraska","NE","Private",16920,22318,91500,0,"19620.5711"
"Clarkson University","New York","NY","Private",49444,64352,130100,58,"28156.39301"
"Cleary University","Michigan","MI","Private",20250,29850,84700,0,"23688.56152"
"Clemson University","South Carolina","SC","Public",14970,25802,106700,39,"19660.75884"
"Cleveland State University","Ohio","OH","Public",10625,24185,88600,20,"20146.77567"
"Coastal Carolina University","South Carolina","SC","Public",11536,20726,77600,14,"17545.12718"
"Coe College","Iowa","IA","Private",45000,54480,86900,24,"19903.97457"
"Colby-Sawyer College","New Hampshire","NH","Private",42398,56662,83700,7,"26161.9637"
"Colgate University","New York","NY","Private",55870,69865,130600,26,"16170.30948"
"College for Creative Studies","Michigan","MI","Private",44110,52910,89800,0,"37294.70635"
"College of Charleston","South Carolina","SC","Public",12738,24904,85100,20,"20491.04543"
"College of Saint Mary","Nebraska","NE","Private",20350,28050,77700,9,"13949.51223"
"College of the Holy Cross","Massachusetts","MA","Private",52770,67290,114600,24,"18238.98728"
"College of William and Mary","Virginia","VA","Public",23400,35636,108900,21,"11270.13926"
"Colorado Christian University","Colorado","CO","Private",31866,43712,80100,2,"23639.05762"
"Colorado College","Colorado","CO","Private",55470,67982,97900,23,"22298.5725"
"Colorado Mesa University","Colorado","CO","Public",9243,20168,81500,7,"20127.36573"
"Colorado School of Mines","Colorado","CO","Public",18964,32133,139600,93,"21829.46708"
"Columbia International University","South Carolina","SC","Private",23690,31840,66200,0,"17376.08566"
"Columbus State University","Georgia","GA","Public",7200,17080,77900,10,"14424.80886"
"Concord University","West Virginia","WV","Public",7896,16884,75800,9,"10447.28836"
"Connecticut College","Connecticut","CT","Private",54820,69970,100800,30,"22524.46164"
"Converse College","South Carolina","SC","Private",18690,29620,71000,8,"21714.39849"
"Cooper Union for the Advancement of Science and Art","New York","NY","Private",46700,63338,126200,56,"10835.25254"
"Corban University","Oregon","OR","Private",33040,43268,77300,1,"24057.17812"
"Cornell College","Iowa","IA","Private",42299,51683,90600,22,"25411.10013"
"Cornell University","New York","NY","Private",55188,70004,128200,43,"16847.09083"
"Cornish College of the Arts","Washington","WA","Private",41642,54042,86400,0,"39543.73108"
"Covenant College","Georgia","GA","Private",34330,44590,79400,19,"21263.91946"
"Creighton University","Nebraska","NE","Private",39916,50952,95800,9,"28145.45317"
"Cumberland University","Tennessee","TN","Private",22890,32180,81000,3,"25139.08814"
"Dakota Wesleyan University","South Dakota","SD","Private",27300,34650,75700,10,"21105.18391"
"Dartmouth College","New Hampshire","NH","Private",55453,71209,130900,35,"6634.876947"
"Davidson College","North Carolina","NC","Private",51447,65819,106900,28,"14021.38629"
"Delaware State University","Delaware","DE","Public",7868,20058,81900,10,"15463.27319"
"Denison University","Ohio","OH","Private",51960,64670,104800,22,"22417.8153"
"DePaul University","Illinois","IL","Private",39975,54210,102900,15,"30326.97616"
"DePauw University","Indiana","IN","Private",49704,62724,101000,24,"19252.8535"
"Dickinson College","Pennsylvania","PA","Private",54661,68359,100100,25,"17523.07787"
"Dickinson State University","North Dakota","ND","Public",6765,13663,81200,8,"12863.02942"
"Dillard University","Louisiana","LA","Private",18099,28199,79800,20,"18839.34905"
"Dordt College","Iowa","IA","Private",30870,40460,89600,17,"23506.39106"
"Drake University","Iowa","IA","Private",41396,51924,99900,7,"27220.82999"
"Drew University","New Jersey","NJ","Private",39500,53608,95000,16,"19951.29658"
"Drexel University","Pennsylvania","PA","Private",53279,67358,114800,28,"33817.23231"
"Drury University","Missouri","MO","Private",28365,36461,79400,12,"19151.62309"
"Earlham College","Indiana","IN","Private",46450,56850,88400,31,"17660.24883"
"East Carolina University","North Carolina","NC","Public",7188,16794,85400,11,"16018.9691"
"East Central University","Oklahoma","OK","Public",6810,12324,77500,9,"12294.91841"
"East Tennessee State University","Tennessee","TN","Public",9277,17749,77300,8,"16980.95776"
"Eastern Connecticut State University","Connecticut","CT","Public",11356,24916,87800,14,"17795.34576"
"Eastern Kentucky University","Kentucky","KY","Public",9296,18314,80700,5,"13498.66354"
"Eastern Michigan University","Michigan","MI","Public",13959,23813,86700,6,"15476.69696"
"Eastern Oregon University","Oregon","OR","Public",8679,18719,73900,5,"16575.32289"
"Eastern Washington University","Washington","WA","Public",7323,20116,87500,17,"13844.09289"
"Eckerd College","Florida","FL","Private",44540,57128,88400,25,"29022.43784"
"Edgewood College","Wisconsin","WI","Private",29500,40520,87500,5,"21972.43411"
"Elon University","North Carolina","NC","Private",35319,47549,93700,7,"30406.09578"
"Emory University","Georgia","GA","Private",51306,65762,110800,20,"17837.92111"
"Emporia State University","Kansas","KS","Public",6758,15670,78000,9,"15069.42871"
"Erskine College","South Carolina","SC","Private",34560,45460,78000,28,"34578.125"
"Fairfield University","Connecticut","CT","Private",48350,63060,116900,17,"33450.30889"
"Fairmont State University","West Virginia","WV","Public",7514,16518,74100,7,"10457.17352"
"Faulkner University","Alabama","AL","Private",21690,29440,71300,2,"23859.32134"
"Felician University","New Jersey","NJ","Private",34315,47195,98200,10,"20658.36183"
"Ferris State University","Michigan","MI","Public",12630,22524,89300,8,"13721.97258"
"Ferrum College","Virginia","VA","Private",34175,45675,80600,6,"25186.94195"
"Fisk University","Tennessee","TN","Private",21480,32270,83600,39,"26089.06536"
"Florida Atlantic University","Florida","FL","Public",6039,17935,91200,15,"12253.95231"
"Florida Institute of Technology","Florida","FL","Private",41850,54730,105400,48,"32125.51737"
"Florida International University","Florida","FL","Public",6558,17440,90100,16,"13295.9459"
"Florida State University","Florida","FL","Public",6516,17332,92700,18,"15029.06932"
"Fordham University","New York","NY","Private",52687,70656,112500,10,"34603.30522"
"Fort Hays State University","Kansas","KS","Public",5133,13433,79300,6,"13203.59109"
"Fort Lewis College","Colorado","CO","Public",9040,18918,82600,19,"17873.52092"
"Francis Marion University","South Carolina","SC","Public",11160,19108,77600,18,"16019.11551"
"Franklin College","Indiana","IN","Private",32010,41956,86200,21,"21514.16887"
"Franklin Pierce University","New Hampshire","NH","Private",36900,50245,85600,3,"26833.84226"
"Freed-Hardeman University","Tennessee","TN","Private",21950,30210,78200,9,"16619.9913"
"Friends University","Kansas","KS","Private",28415,36387,76500,14,"24211.82091"
"Frostburg State University","Maryland","MD","Public",9172,19374,87000,19,"17325.64609"
"George Fox University","Oregon","OR","Private",36020,47270,89600,8,"27696.93458"
"George Mason University","Virginia","VA","Public",12462,23922,105700,23,"20906.39526"
"Georgetown College","Kentucky","KY","Private",38650,48430,81900,10,"19161.75078"
"Georgia Southern University","Georgia","GA","Public",7422,17492,88000,17,"17411.82204"
"Georgia State University","Georgia","GA","Public",10858,22236,90800,18,"16286.60019"
"Gettysburg College","Pennsylvania","PA","Private",54480,67490,109300,24,"19960.03705"
"Glenville State College","West Virginia","WV","Public",7327,7327,67700,3,"16362.89923"
"Goddard College","Vermont","VT","Private",16586,18284,76900,0,"0"
"Goldey-Beacom College","Delaware","DE","Private",24300,30700,86900,25,"14266.38543"
"Gonzaga University","Washington","WA","Private",43210,55154,107600,19,"32214.27246"
"Goucher College","Maryland","MD","Private",44300,58806,90600,11,"24547.51252"
"Granite State College","New Hampshire","NH","Public",9645,9645,76900,3,"16096.78007"
"Green Mountain College","Vermont","VT","Private",37002,48724,75200,2,"19822.38292"
"Grinnell College","Iowa","IA","Private",52392,65202,96500,41,"16588.14825"
"Grove City College","Pennsylvania","PA","Private",17930,27700,98400,29,"#N/A"
"Gustavus Adolphus College","Minnesota","MN","Private",45400,55310,96800,22,"16936.19897"
"Hamilton College","New York","NY","Private",54620,68490,108100,25,"14103.38418"
"Hamline University","Minnesota","MN","Private",41298,51656,90400,5,"20030.20554"
"Hampden-Sydney College","Virginia","VA","Private",45746,59304,108600,20,"30330.71618"
"Hampton University","Virginia","VA","Private",26702,38480,92600,12,"26751.37897"
"Hanover College","Indiana","IN","Private",37670,49250,85100,24,"20975.24662"
"Harding University","Arkansas","AR","Private",20135,27179,88600,10,"19253.83789"
"Harvey Mudd College","California","CA","Private",56876,75003,158200,85,"14293.35168"
"Hastings College","Nebraska","NE","Private",30050,39750,87100,14,"20944.11171"
"Haverford College","Pennsylvania","PA","Private",54592,70994,112300,36,"15892.97194"
"Hawaii Pacific University","Hawaii","HI","Private",25980,40780,93500,15,"30095.33961"
"Hendrix College","Arkansas","AR","Private",45790,58074,90300,33,"20266.33224"
"Heritage University","Washington","WA","Private",18124,18124,73600,17,"11310.19243"
"High Point University","North Carolina","NC","Private",35118,49248,84300,8,"37482.38707"
"Hofstra University","New York","NY","Private",46760,62708,110400,7,"35030.47082"
"Holy Cross College","Indiana","IN","Private",30820,42320,87800,0,"22519.2819"
"Hood College","Maryland","MD","Private",39492,52192,82600,32,"27616.6138"
"Hope College","Michigan","MI","Private",34010,44320,90900,18,"21073.8823"
"Huntingdon College","Alabama","AL","Private",27400,37150,78900,14,"21844.10087"
"Husson University","Maine","ME","Private",18180,28010,77600,1,"18865.85105"
"Illinois Institute of Technology","Illinois","IL","Private",47296,60058,118500,64,"19898.15965"
"Illinois State University","Illinois","IL","Public",14516,24366,95000,10,"22106.63638"
"Illinois Wesleyan University","Illinois","IL","Private",47636,58620,96000,18,"24355.28526"
"Indiana Institute of Technology","Indiana","IN","Private",26900,36920,84900,11,"21355.47538"
"Indiana State University","Indiana","IN","Public",9090,19680,85600,8,"14853.77655"
"Iowa State University","Iowa","IA","Public",8988,17708,101300,31,"13685.0967"
"Jacksonville State University","Alabama","AL","Public",10425,18525,80000,7,"18162.3508"
"Jacksonville University","Florida","FL","Private",36670,50750,90400,5,"27853.12834"
"James Madison University","Virginia","VA","Public",12016,22108,102600,12,"18917.27252"
"Jefferson College of Health Sciences","Virginia","VA","Private",26886,32756,97600,1,"25862.09682"
"John Brown University","Arkansas","AR","Private",26928,36152,82700,9,"22746.10515"
"John Carroll University","Ohio","OH","Private",41340,53214,97300,16,"25693.05902"
"Johns Hopkins University","Maryland","MD","Private",54240,70076,117100,31,"14293.04727"
"Judson College","Alabama","AL","Private",18510,29100,67600,13,"18014.38721"
"Kalamazoo College","Michigan","MI","Private",48516,58272,94500,31,"19572.36515"
"Kansas City Art Institute","Missouri","MO","Private",38400,48800,77700,0,"30152.71723"
"Kansas State University","Kansas","KS","Public",10263,19943,97200,18,"17477.59495"
"Kansas Wesleyan University","Kansas","KS","Private",29500,39000,79400,10,"27227.90205"
"Kean University","New Jersey","NJ","Public",12348,26818,90000,10,"22075.07603"
"Keene State College","New Hampshire","NH","Public",14212,25238,83600,8,"18919.85871"
"Kentucky Christian University","Kentucky","KY","Private",19820,28090,70300,3,"18288.48735"
"Kentucky Wesleyan College","Kentucky","KY","Private",26440,36204,76800,14,"21777.98705"
"Kenyon College","Ohio","OH","Private",55930,68440,103800,17,"15921.44353"
"Kettering University","Michigan","MI","Private",43490,51730,125000,74,"38947.26184"
"Knox College","Illinois","IL","Private",46554,56424,95400,24,"21331.08157"
"La Salle University","Pennsylvania","PA","Private",30560,45640,104800,5,"19213.86503"
"Lafayette College","Pennsylvania","PA","Private",52880,68520,122500,47,"22292.56168"
"Lake Forest College","Illinois","IL","Private",47064,57454,102600,21,"21616.87509"
"Lake Superior State University","Michigan","MI","Public",12090,21972,83500,14,"14576.71348"
"Lamar University","Texas","TX","Public",10192,19112,101200,16,"15060.06689"
"Lander University","South Carolina","SC","Public",11700,20800,77100,9,"16263.31389"
"Lawrence Technological University","Michigan","MI","Private",33570,43520,108400,60,"29031.63287"
"Lawrence University","Wisconsin","WI","Private",47475,57816,98800,25,"22418.85613"
"Lehigh University","Pennsylvania","PA","Private",52930,66530,134100,52,"18460.5648"
"Lenoir-Rhyne University","North Carolina","NC","Private",36400,48910,86300,7,"20082.57154"
"LeTourneau University","Texas","TX","Private",30210,40180,98900,21,"22119.91983"
"Lewis & Clark College","Oregon","OR","Private",50934,63424,93200,12,"27190.51329"
"Lewis University","Illinois","IL","Private",32450,43028,89800,14,"18513.41129"
"Lewis-Clark State College","Idaho","ID","Public",6618,14198,77600,5,"11801.30169"
"Limestone College","South Carolina","SC","Private",26000,35765,76500,10,"27797.63895"
"Lindenwood University","Missouri","MO","Private",17600,26600,78500,9,"15777.82975"
"Lindsey Wilson College","Kentucky","KY","Private",24850,34235,64100,2,"15591.14275"
"Lipscomb University","Tennessee","TN","Private",32144,44796,84800,12,"26816.34479"
"Longwood University","Virginia","VA","Public",13340,25086,83300,9,"18847.78387"
"Loras College","Iowa","IA","Private",34184,42459,90100,14,"18109.16667"
"Louisiana College","Louisiana","LA","Private",17000,22618,79800,4,"16868.56194"
"Louisiana Tech University","Louisiana","LA","Public",9645,16140,100700,24,"12399.70137"
"Loyola Marymount University","California","CA","Private",48522,63012,113300,9,"34743.78136"
"Loyola University Chicago","Illinois","IL","Private",44048,58528,96000,15,"32112.37978"
"Loyola University Maryland","Maryland","MD","Private",49085,63515,111200,8,"25772.08995"
"Loyola University New Orleans","Louisiana","LA","Private",39692,53072,88600,4,"21314.67914"
"Luther College","Iowa","IA","Private",42290,51750,85900,21,"23137.93393"
"Lynn University","Florida","FL","Private",38210,50380,85000,2,"39025.43284"
"Lyon College","Arkansas","AR","Private",28790,37920,74300,33,"22766.1797"
"Macalester College","Minnesota","MN","Private",54344,66500,100400,31,"15336.45708"
"Maharishi University of Management","Iowa","IA","Private",16530,23930,85200,65,"11552.01988"
"Maine College of Art","Maine","ME","Private",35000,46890,64600,0,"30464.10508"
"Manchester University","Indiana","IN","Private",32758,42338,84700,10,"20530.48702"
"Manhattan Christian College","Kansas","KS","Private",15850,24942,72200,0,"23243.04594"
"Manhattan College","New York","NY","Private",43480,59680,125700,40,"29307.33171"
"Marietta College","Ohio","OH","Private",36040,47360,94300,45,"20593.38475"
"Marquette University","Wisconsin","WI","Private",41870,54590,105900,25,"26967.71259"
"Marshall University","West Virginia","WV","Public",8128,18578,79700,12,"10761.90567"
"Maryland Institute College of Art","Maryland","MD","Private",48630,61910,84500,0,"43152.33882"
"Marymount University","Virginia","VA","Private",31466,44656,93100,15,"26891.92427"
"Maryville College","Tennessee","TN","Private",34880,46304,75300,16,"16161.12983"
"Maryville University of Saint Louis","Missouri","MO","Private",28470,38558,80100,2,"22637.54911"
"Massachusetts Maritime Academy","Massachusetts","MA","Public",9724,22399,117500,47,"11384.39077"
"McDaniel College","Maryland","MD","Private",43260,54690,94600,6,"17306.51429"
"McNeese State University","Louisiana","LA","Public",7859,16563,88200,13,"12107.4545"
"McPherson College","Kansas","KS","Private",28951,37739,80900,9,"21923.87107"
"MCPHS University","Massachusetts","MA","Private",32705,49105,121800,2,"41674.65868"
"Menlo College","California","CA","Private",42800,57025,112400,0,"26391.52409"
"Mercer University","Georgia","GA","Private",36894,48510,85100,14,"20701.55648"
"Merrimack College","Massachusetts","MA","Private",41760,57605,102500,13,"31711.89051"
"Methodist University","North Carolina","NC","Private",33846,46736,80500,9,"32860.48277"
"Metropolitan State University","Minnesota","MN","Public",7879,7879,85900,11,"15510.82585"
"Metropolitan State University of Denver","Colorado","CO","Public",7665,7665,87200,11,"15432.20564"
"Michigan State University","Michigan","MI","Public",14460,24782,100800,20,"20690.95522"
"Michigan Technological University","Michigan","MI","Public",15646,26402,116300,81,"14023.82605"
"Mid-America Christian University","Oklahoma","OK","Private",18334,26370,74100,0,"16561.9095"
"MidAmerica Nazarene University","Kansas","KS","Private",30736,39444,78500,1,"19688.5778"
"Middle Georgia State University","Georgia","GA","Public",4608,13688,79800,11,"11566.20092"
"Middle Tennessee State University","Tennessee","TN","Public",9206,18642,81100,9,"15583.45222"
"Middlebury College","Vermont","VT","Private",54450,69980,109800,19,"12138.45927"
"Midland University","Nebraska","NE","Private",32558,41334,78100,7,"23333.13222"
"Midway University","Kentucky","KY","Private",24650,33130,70300,3,"27547.5541"
"Miles College","Alabama","AL","Private",11604,18646,65100,19,"17457.37066"
"Milligan College","Tennessee","TN","Private",33700,40800,74900,5,"22807.99066"
"Millsaps College","Mississippi","MS","Private",39910,53640,88700,24,"22634.24562"
"Milwaukee School of Engineering","Wisconsin","WI","Private",40749,51138,117600,69,"19060.00167"
"Minneapolis College of Art and Design","Minnesota","MN","Private",39210,44820,84700,0,"26546.57818"
"Minot State University","North Dakota","ND","Public",7064,13674,74100,7,"10833.48881"
"Mississippi College","Mississippi","MS","Private",18026,28326,79500,20,"18104.59016"
"Mississippi University for Women","Mississippi","MS","Public",7040,14464,69500,2,"12335.05981"
"Missouri University of Science and Technology","Missouri","MO","Public",10169,20443,122600,80,"14707.89567"
"Missouri Western State University","Missouri","MO","Public",6466,6466,77700,14,"11911.23108"
"Monmouth University","New Jersey","NJ","Private",38138,52119,93200,13,"29284.48096"
"Montana Tech of the University of Montana","Montana","MT","Public",7411,17067,112600,61,"15203.71497"
"Montclair State University","New Jersey","NJ","Public",12790,28354,95400,9,"21704.8008"
"Morehead State University","Kentucky","KY","Public",9170,19130,74900,9,"14117.32381"
"Morehouse College","Georgia","GA","Private",27574,41012,98700,26,"38355.37621"
"Morningside College","Iowa","IA","Private",31530,41140,82100,6,"22139.16211"
"Mount Marty College","South Dakota","SD","Private",27276,35262,76500,5,"20601.86049"
"Mount Mercy University","Iowa","IA","Private",31798,41332,79000,4,"21930.39282"
"Mount St. Mary's University","Maryland","MD","Private",41350,54425,94100,11,"30620.93537"
"Muhlenberg College","Pennsylvania","PA","Private",52595,64360,101900,20,"21354.31575"
"Multnomah University","Oregon","OR","Private",25900,34770,76400,0,"27050.84251"
"Murray State University","Kentucky","KY","Public",9084,18274,79900,9,"13270.1106"
"Nazarene Bible College","Colorado","CO","Private",14700,14700,60100,0,"0"
"Nebraska Wesleyan University","Nebraska","NE","Private",34202,43824,80500,8,"25642.49879"
"New College of Florida","Florida","FL","Public",6919,16183,86500,4,"12191.5494"
"New England College","New Hampshire","NH","Private",37914,52136,86400,24,"28921.26749"
"New England Institute of Technology","Rhode Island","RI","Private",29940,43005,93200,14,"35591.49817"
"New Jersey City University","New Jersey","NJ","Public",12051,24789,87600,9,"16578.09494"
"New Jersey Institute of Technology","New Jersey","NJ","Public",17338,30938,121300,75,"21730.77148"
"New Mexico Institute of Mining and Technology","New Mexico","NM","Public",7770,16280,120400,91,"15546.16181"
"New York University","New York","NY","Private",51828,69984,117700,18,"37475.28656"
"Newberry College","South Carolina","SC","Private",26424,37090,74700,14,"21610.09655"
"Newman University","Kansas","KS","Private",30724,39050,88500,11,"13436.62275"
"Nicholls State University","Louisiana","LA","Public",7982,17920,84300,5,"14736.71905"
"North Carolina Wesleyan College","North Carolina","NC","Private",31000,41800,78800,8,"16197.66265"
"North Central College","Illinois","IL","Private",38880,49899,92900,9,"22322.0384"
"Northeastern State University","Oklahoma","OK","Public",6650,14288,77600,7,"11656.64243"
"Northeastern University","Massachusetts","MA","Private",51387,68267,109700,40,"20271.36956"
"Northern Arizona University","Arizona","AZ","Public",11564,21846,90000,12,"14746.86438"
"Northern Illinois University","Illinois","IL","Public",12262,23142,95500,20,"19313.48584"
"Northern Kentucky University","Kentucky","KY","Public",10032,20054,87400,12,"10490.67339"
"Northwest Christian University","Oregon","OR","Private",30050,39350,81100,5,"22915.53867"
"Northwest Missouri State University","Missouri","MO","Public",9805,19821,85100,26,"12321.87836"
"Northwest Nazarene University","Idaho","ID","Private",29300,36700,80600,7,"18780.58069"
"Northwest University","Washington","WA","Private",31540,40170,89000,3,"20087.45441"
"Northwestern College","Iowa","IA","Private",31100,40300,82400,11,"22259.45455"
"Northwestern Oklahoma State University","Oklahoma","OK","Public",7036,11816,76800,11,"10766.06093"
"Northwestern University","Illinois","IL","Private",54567,71193,115400,20,"12156.29993"
"Norwich University","Vermont","VT","Private",40016,53856,99100,20,"20759.14869"
"Notre Dame of Maryland University","Maryland","MD","Private",36900,48750,86400,3,"15466.8221"
"Nova Southeastern University","Florida","FL","Private",30900,44150,89800,9,"28175.95319"
"Oakland University","Michigan","MI","Public",12606,22706,93300,19,"12086.4199"
"Oberlin College","Ohio","OH","Private",55054,71392,96800,21,"19163.85542"
"Oglethorpe University","Georgia","GA","Private",38100,51300,91400,12,"23238.25231"
"Ohio Northern University","Ohio","OH","Private",32260,43910,103900,22,"22748.2737"
"Ohio Valley University","West Virginia","WV","Private",21900,29880,71100,1,"18378.12229"
"Ohio Wesleyan University","Ohio","OH","Private",45760,58190,99200,21,"23030.18737"
"Oklahoma Baptist University","Oklahoma","OK","Private",28258,35608,76600,8,"17018.87916"
"Oklahoma Christian University","Oklahoma","OK","Private",22760,30950,87900,41,"16993.17163"
"Oklahoma City University","Oklahoma","OK","Private",31026,39922,87900,9,"28322.55214"
"Oklahoma Wesleyan University","Oklahoma","OK","Private",26956,35600,78700,1,"27578.57111"
"Old Dominion University","Virginia","VA","Public",10872,22492,89900,19,"17437.56932"
"Oral Roberts University","Oklahoma","OK","Private",27728,37178,85100,8,"18673.40644"
"Oregon Institute of Technology","Oregon","OR","Public",9987,19045,106800,27,"16508.24949"
"Oregon State University","Oregon","OR","Public",11166,24021,104800,34,"21055.41202"
"Ouachita Baptist University","Arkansas","AR","Private",26790,34670,80200,18,"17754.84872"
"Pacific Lutheran University","Washington","WA","Private",42066,52856,98100,20,"23040.40519"
"Pacific Northwest College of Art","Oregon","OR","Private",38250,51110,85000,0,"37606.11326"
"Pacific University","Oregon","OR","Private",44298,56826,94000,8,"29389.81027"
"Park University","Missouri","MO","Private",12650,20850,85000,7,"17303.32122"
"Peru State College","Nebraska","NE","Public",7452,15462,74800,6,"14574.75739"
"Pfeiffer University","North Carolina","NC","Private",30234,41460,78000,4,"31167.5481"
"Philander Smith College","Arkansas","AR","Private",12414,20664,61200,26,"16371.40138"
"Pittsburg State University","Kansas","KS","Public",7298,15076,84900,8,"14593.0715"
"Plymouth State University","New Hampshire","NH","Public",14099,25199,82200,6,"22102.97734"
"Portland State University","Oregon","OR","Public",9105,19533,90500,16,"14499.48304"
"Presbyterian College","South Carolina","SC","Private",38660,49140,89900,14,"18703.47601"
"Prescott College","Arizona","AZ","Private",31485,39185,73500,0,"24034.77824"
"Providence College","Rhode Island","RI","Private",50390,65090,106900,11,"30874.27751"
"Queens University of Charlotte","North Carolina","NC","Private",34684,45544,86600,9,"20673.34085"
"Quinnipiac University","Connecticut","CT","Private",47960,62500,97700,10,"37067.32192"
"Radford University","Virginia","VA","Public",11210,20616,82900,10,"17804.17391"
"Ramapo College of New Jersey","New Jersey","NJ","Public",14374,26824,95200,12,"23258.18157"
"Randolph College","Virginia","VA","Private",39585,53165,86100,23,"28255.28691"
"Reed College","Oregon","OR","Private",56340,70550,104900,26,"24792.40781"
"Regis University","Colorado","CO","Private",36810,48370,94800,13,"22822.9735"
"Rensselaer Polytechnic Institute","New York","NY","Private",53880,69140,134100,78,"30076.18229"
"Rhode Island College","Rhode Island","RI","Public",8929,20758,83500,5,"11903.35407"
"Rhode Island School of Design","Rhode Island","RI","Private",50960,64360,100600,0,"40204.05562"
"Rhodes College","Tennessee","TN","Private",47890,59293,97800,25,"22819.47987"
"Rice University","Texas","TX","Private",47350,61350,129500,45,"10329.39373"
"Rider University","New Jersey","NJ","Private",41310,56010,99000,5,"30952.6938"
"Ripon College","Wisconsin","WI","Private",43808,52208,89600,26,"18009.53367"
"Rivier University","New Hampshire","NH","Private",31790,44316,85100,41,"25079.07455"
"Roanoke College","Virginia","VA","Private",44030,57720,85100,18,"27970.92313"
"Rockhurst University","Missouri","MO","Private",37590,47790,92500,11,"21941.46982"
"Rocky Mountain College","Montana","MT","Private",28512,36842,82900,12,"20549.54981"
"Roger Williams University","Rhode Island","RI","Private",34522,50412,92700,12,"36226.52087"
"Rollins College","Florida","FL","Private",49760,64495,87000,7,"31577.92484"
"Rose-Hulman Institute of Technology","Indiana","IN","Private",49871,64637,135800,96,"35475.85777"
"Rowan University","New Jersey","NJ","Public",13697,26249,91200,21,"24965.41863"
"Rust College","Mississippi","MS","Private",9900,14200,62400,32,"13836.10559"
"Sacred Heart University","Connecticut","CT","Private",41420,56730,100500,15,"41606.47244"
"Saginaw Valley State University","Michigan","MI","Public",10308,20494,82200,12,"15796.10114"
"Saint Anselm College","New Hampshire","NH","Private",41200,55700,100300,11,"25401.90577"
"Saint Cloud State University","Minnesota","MN","Public",8912,17812,91600,15,"14363.75165"
"Saint Joseph's College of Maine","Maine","ME","Private",35650,49330,84300,2,"25957.43227"
"Saint Joseph's University","Pennsylvania","PA","Private",44973,59813,105100,6,"29944.93141"
"Saint Louis University","Missouri","MO","Private",43884,56174,95300,13,"25250.78088"
"Saint Martin's University","Washington","WA","Private",37356,48801,91800,29,"21188.18024"
"Saint Mary's College","Indiana","IN","Private",42220,54800,89300,15,"16717.73535"
"Saint Mary's College of California","California","CA","Private",47280,62650,110800,5,"29186.71036"
"Saint Michael's College","Vermont","VT","Private",45375,57595,98500,18,"30301.19448"
"Saint Peter's University","New Jersey","NJ","Private",37486,52900,95900,14,"16898.47468"
"Saint Xavier University","Illinois","IL","Private",33880,45220,91200,10,"16240.88224"
"Salisbury University","Maryland","MD","Public",9824,21774,89800,12,"18889.87869"
"Salve Regina University","Rhode Island","RI","Private",40550,55050,93900,6,"25356.36215"
"Samford University","Alabama","AL","Private",31650,42200,90500,3,"29772.58555"
"San Jose State University","California","CA","Public",7796,24238,114700,28,"17223.8592"
"Santa Clara University","California","CA","Private",51711,66621,134700,29,"24623.82355"
"Savannah College of Art and Design","Georgia","GA","Private",36630,51180,80100,3,"43114.02042"
"Seattle Pacific University","Washington","WA","Private",42939,54735,103400,9,"30277.02156"
"Seattle University","Washington","WA","Private",44610,56898,113700,12,"33962.7358"
"Seton Hall University","New Jersey","NJ","Private",42470,58270,103800,8,"29355.40693"
"Shenandoah University","Virginia","VA","Private",32530,42900,86600,7,"28997.7539"
"Shepherd University","West Virginia","WV","Public",7548,18048,87100,12,"11245.80142"
"Shorter University","Georgia","GA","Private",22370,31770,79900,6,"20910.9568"
"Sierra Nevada College","Nevada","NV","Private",34241,47598,95500,2,"43822.01695"
"Simpson College","Iowa","IA","Private",39144,47524,88600,17,"22545.35968"
"Smith College","Massachusetts","MA","Private",52404,69924,98200,26,"15087.36374"
"South Dakota State University","South Dakota","SD","Public",8764,16660,91900,18,"16437.45836"
"Southeast Missouri State University","Missouri","MO","Public",7418,16353,79100,9,"13442.02129"
"Southeastern Louisiana University","Louisiana","LA","Public",8165,16585,83900,8,"14866.18911"
"Southern Adventist University","Tennessee","TN","Private",21950,28890,84000,9,"21313.54338"
"Southern Connecticut State University","Connecticut","CT","Public",10875,23735,83600,6,"21959.94975"
"Southern Methodist University","Texas","TX","Private",54493,71338,110400,22,"27727.86227"
"Southern Nazarene University","Oklahoma","OK","Private",25188,33684,81000,5,"21023.32562"
"Southern New Hampshire University","New Hampshire","NH","Private",31136,44256,83400,8,"39731.54768"
"Southern Vermont College","Vermont","VT","Private",25511,36511,78700,17,"24193.36972"
"Southern Wesleyan University","South Carolina","SC","Private",25476,34506,74600,5,"18720.48372"
"Southwestern University","Texas","TX","Private",42000,54000,93500,19,"22456.03571"
"Spalding University","Kentucky","KY","Private",24500,32100,79200,0,"22553.51204"
"Spring Hill College","Alabama","AL","Private",39464,52926,89100,12,"22537.22382"
"St. John's College","Illinois","IL","Private",23695,23695,101200,0,"16723.60854"
"St. John's College","Maryland","MD","Private",53218,65820,101200,0,"16723.60854"
"St. John's College","New Mexico","NM","Private",54118,66266,101200,0,"16723.60854"
"St. Mary's University","Texas","TX","Private",30650,40920,95300,17,"19941.88162"
"Stanford University","California","CA","Private",51354,67117,145200,51,"3270.444839"
"Stephens College","Missouri","MO","Private",30950,41582,77200,6,"23337.18264"
"Sterling College","Vermont","VT","Private",38800,48700,79100,7,"34838.12942"
"Stetson University","Florida","FL","Private",46030,59082,86000,7,"29523.34113"
"Stevens Institute of Technology","New Jersey","NJ","Private",52202,67446,139900,79,"31829.02665"
"Stevenson University","Maryland","MD","Private",36182,49312,91600,15,"28187.21474"
"Stockton University","New Jersey","NJ","Public",13739,26021,85800,16,"19601.02055"
"Stonehill College","Massachusetts","MA","Private",42746,58746,103200,18,"28808.93457"
"Swarthmore College","Pennsylvania","PA","Private",52588,68062,123200,45,"17755.12331"
"Tabor College","Kansas","KS","Private",28245,38095,77500,7,"23406.11946"
"Taylor University","Indiana","IN","Private",34114,43728,90600,16,"24360.12795"
"Tennessee State University","Tennessee","TN","Public",8008,15814,78400,14,"13303.37797"
"Tennessee Technological University","Tennessee","TN","Public",9103,18839,95100,28,"16536.62975"
"Texas Christian University","Texas","TX","Private",46950,59754,98700,9,"32126.67276"
"Texas Tech University","Texas","TX","Public",11045,20575,106500,22,"17898.23823"
"The College of New Jersey","New Jersey","NJ","Public",16551,30168,101800,16,"24507.00992"
"Thomas College","Maine","ME","Private",26900,38150,81500,3,"21791.74065"
"Thomas Edison State University","New Jersey","NJ","Public",7519,7519,95600,0,"0"
"Thomas More College","Kentucky","KY","Private",31120,39070,90900,8,"19837.56303"
"Thomas More College of Liberal Arts","New Hampshire","NH","Private",21600,31300,88300,0,"16063.40557"
"Towson University","Maryland","MD","Public",9940,22974,91200,15,"17959.58865"
"Transylvania University","Kentucky","KY","Private",38750,49210,85600,25,"21685.22361"
"Trevecca Nazarene University","Tennessee","TN","Private",25598,33998,81700,5,"19009.05606"
"Trine University","Indiana","IN","Private",32175,42985,100300,26,"20403.44754"
"Trinity College","Connecticut","CT","Private",56910,71660,110900,22,"12043.7389"
"Trinity University","Texas","TX","Private",42976,56440,102900,27,"18903.56253"
"Troy University","Alabama","AL","Public",12460,20645,81500,8,"16183.189"
"Truman State University","Missouri","MO","Public",7729,16509,85800,16,"12531.58168"
"Tufts University","Massachusetts","MA","Private",56382,70942,118100,25,"22107.12714"
"Union University","Tennessee","TN","Private",32890,43090,83000,6,"22325.7514"
"Unity College","Maine","ME","Private",29160,39870,69500,23,"24915.75887"
"University of Alaska Anchorage","Alaska","AK","Public",7688,19888,101000,10,"16477.80301"
"University of Alaska Fairbanks","Alaska","AK","Public",8087,17017,101800,20,"10918.68883"
"University of Arizona","Arizona","AZ","Public",12487,25037,101000,23,"16682.37039"
"University of Arkansas","Arkansas","AR","Public",9130,20150,98000,18,"17533.74208"
"University of Arkansas at Little Rock","Arkansas","AR","Public",8966,17896,80800,13,"16910.76794"
"University of Arkansas at Monticello","Arkansas","AR","Public",7696,14520,78300,2,"11278.17746"
"University of Arkansas at Pine Bluff","Arkansas","AR","Public",7842,15723,70500,22,"10949.2317"
"University of Arkansas for Medical Sciences","Arkansas","AR","Public",8197,8197,89100,3,"#N/A"
"University of Baltimore","Maryland","MD","Public",8958,8958,89600,2,"0"
"University of Bridgeport","Connecticut","CT","Private",32850,46710,93600,31,"24634.90641"
"University of Central Arkansas","Arkansas","AR","Public",8751,15605,79800,8,"15407.68075"
"University of Central Missouri","Missouri","MO","Public",7673,16439,83300,45,"16038.06505"
"University of Charleston","West Virginia","WV","Private",30900,40080,81900,4,"14047.54147"
"University of Chicago","Illinois","IL","Private",58230,74580,114200,22,"5047.086101"
"University of Colorado Boulder","Colorado","CO","Public",12532,26950,109900,39,"19684.75441"
"University of Colorado Colorado Springs","Colorado","CO","Public",10463,20963,90900,21,"17037.56733"
"University of Connecticut","Connecticut","CT","Public",15730,28604,105200,24,"20009.21619"
"University of Dallas","Texas","TX","Private",40652,53052,96400,16,"22011.80624"
"University of Dayton","Ohio","OH","Private",42900,56480,105000,33,"29600.28969"
"University of Delaware","Delaware","DE","Public",13680,26542,105400,22,"15287.01154"
"University of Denver","Colorado","CO","Private",50556,63561,105100,12,"31433.09254"
"University of Detroit Mercy","Michigan","MI","Private",28000,37496,92800,13,"14225.25546"
"University of Dubuque","Iowa","IA","Private",34110,44040,79700,7,"23669.09114"
"University of Evansville","Indiana","IN","Private",36416,48876,89900,17,"21539.96508"
"University of Georgia","Georgia","GA","Public",11830,21868,100700,14,"15481.44322"
"University of Hartford","Connecticut","CT","Private",40694,53170,101600,15,"31297.2336"
"University of Hawaii at Hilo","Hawaii","HI","Public",7720,19126,77200,14,"12973.10302"
"University of Hawaii at Manoa","Hawaii","HI","Public",11970,25659,91600,18,"16779.66798"
"University of Holy Cross","Louisiana","LA","Private",17300,17300,86300,3,"16843.94923"
"University of Houston","Texas","TX","Public",12506,22776,103900,24,"14933.66084"
"University of Houston-Clear Lake","Texas","TX","Public",8500,8500,94800,29,"15475.60281"
"University of Idaho","Idaho","ID","Public",7864,16744,97700,22,"15545.98595"
"University of Illinois at Chicago","Illinois","IL","Public",13764,25838,103800,31,"15286.03862"
"University of Illinois at Urbana-Champaign","Illinois","IL","Public",15094,26402,115300,36,"17227.74787"
"University of Indianapolis","Indiana","IN","Private",29688,39976,84500,5,"22318.35354"
"University of Iowa","Iowa","IA","Public",9267,20439,99400,16,"15756.73509"
"University of Jamestown","North Dakota","ND","Private",21976,29546,85400,11,"19665.80213"
"University of Kansas","Kansas","KS","Public",11148,21498,98600,16,"17410.39659"
"University of Kentucky","Kentucky","KY","Public",12245,25227,96400,19,"18804.50254"
"University of Louisiana at Lafayette","Louisiana","LA","Public",10616,19132,92500,19,"15328.34539"
"University of Louisiana at Monroe","Louisiana","LA","Public",8734,16584,92500,7,"12160.68109"
"University of Louisville","Kentucky","KY","Public",11656,20882,87600,18,"18348.36932"
"University of Maine","Maine","ME","Public",11170,21588,95000,24,"17025.7926"
"University of Maine at Augusta","Maine","ME","Public",7988,7988,73100,7,"13175.96462"
"University of Maine at Farmington","Maine","ME","Public",9666,19392,71700,5,"14111.9754"
"University of Maine at Fort Kent","Maine","ME","Public",8115,16335,76300,5,"15170.09218"
"University of Maine at Presque Isle","Maine","ME","Public",8035,16441,70700,6,"11253.7794"
"University of Mary","North Dakota","ND","Private",18720,25610,79100,3,"16793.61156"
"University of Mary Washington","Virginia","VA","Public",12188,23306,98200,17,"22361.22218"
"University of Memphis","Tennessee","TN","Public",9701,19676,85800,12,"16799.87131"
"University of Miami","Florida","FL","Private",50226,64334,99600,22,"21056.67185"
"University of Mississippi","Mississippi","MS","Public",8660,19356,89100,12,"17383.67313"
"University of Mobile","Alabama","AL","Private",22820,32420,74100,7,"20440.73792"
"University of Montevallo","Alabama","AL","Public",12760,22090,70700,7,"18833.5222"
"University of Mount Union","Ohio","OH","Private",31260,41460,88500,19,"22128"
"University of Nebraska Medical Center","Nebraska","NE","Public",11558,11558,93000,6,"#N/A"
"University of New England","Maine","ME","Private",37620,51610,91500,7,"31401.83896"
"University of New Haven","Connecticut","CT","Private",39270,55170,94800,25,"34328.78695"
"University of New Orleans","Louisiana","LA","Public",9054,19629,91600,23,"13982.98955"
"University of North Alabama","Alabama","AL","Public",10370,19570,75600,6,"14890.63255"
"University of North Carolina at Chapel Hill","North Carolina","NC","Public",8987,20177,100800,19,"11903.58732"
"University of North Carolina at Charlotte","North Carolina","NC","Public",7044,18144,92600,25,"15900.91934"
"University of North Carolina School of the Arts","North Carolina","NC","Public",9358,18379,82400,0,"12669.27493"
"University of North Dakota","North Dakota","ND","Public",8695,17669,96000,16,"14506.21412"
"University of North Florida","Florida","FL","Public",6394,16370,86600,11,"13626.88091"
"University of North Georgia","Georgia","GA","Public",7336,15212,85600,8,"10960.34242"
"University of Northern Iowa","Iowa","IA","Public",8938,17886,85300,8,"16037.8528"
"University of Notre Dame","Indiana","IN","Private",53391,68801,130500,28,"14971.08093"
"University of Oregon","Oregon","OR","Public",11898,24861,95800,13,"15651.04102"
"University of Pennsylvania","Pennsylvania","PA","Private",55584,71200,133900,21,"13915.81979"
"University of Pikeville","Kentucky","KY","Private",20950,28750,70700,11,"20539.20424"
"University of Portland","Oregon","OR","Private",45904,59354,104900,28,"30109.7355"
"University of Puget Sound","Washington","WA","Private",49776,62316,101300,21,"35843.37326"
"University of Rhode Island","Rhode Island","RI","Public",14138,27088,99700,18,"20978.03848"
"University of Richmond","Virginia","VA","Private",52610,64860,107500,13,"15863.03014"
"University of Rochester","New York","NY","Private",53926,69864,112700,32,"24226.37372"
"University of Saint Joseph","Connecticut","CT","Private",39173,50601,88800,9,"26037.87542"
"University of San Diego","California","CA","Private",49358,62338,109400,12,"29715.72572"
"University of San Francisco","California","CA","Private",48066,62896,109900,6,"28362.2328"
"University of Scranton","Pennsylvania","PA","Private",44532,59714,99700,12,"31384.02349"
"University of Sioux Falls","South Dakota","SD","Private",18280,25630,78200,6,"14010.94444"
"University of South Alabama","Alabama","AL","Public",9870,17490,86400,17,"17425.32614"
"University of Southern California","California","CA","Private",56225,71620,120600,23,"24091.56553"
"University of Southern Maine","Maine","ME","Public",9520,18970,81300,8,"13178.17219"
"University of Southern Mississippi","Mississippi","MS","Public",8734,18591,83900,11,"16209.21114"
"University of the Cumberlands","Kentucky","KY","Private",23000,32000,73800,8,"20401.25654"
"University of the Ozarks","Arkansas","AR","Private",24230,31630,74500,16,"16454.96426"
"University of the Sciences","Pennsylvania","PA","Private",25000,40938,115200,12,"22315.2039"
"University of Toledo","Ohio","OH","Public",9795,21229,92500,21,"17667.63866"
"University of Tulsa","Oklahoma","OK","Private",41509,52625,107200,36,"23774.74464"
"University of Utah","Utah","UT","Public",9222,19484,102600,22,"15084.67198"
"University of Vermont","Vermont","VT","Public",18276,30738,99400,22,"16140.56915"
"University of West Alabama","Alabama","AL","Public",10040,18156,76100,4,"16546.1466"
"University of West Georgia","Georgia","GA","Public",7292,18210,82700,9,"17773.51561"
"University of Wisconsin-Eau Claire","Wisconsin","WI","Public",8820,16633,93600,14,"15255.61462"
"University of Wisconsin-La Crosse","Wisconsin","WI","Public",9106,15437,88300,19,"13504.88067"
"University of Wisconsin-Madison","Wisconsin","WI","Public",10555,21669,104400,33,"17626.44471"
"University of Wisconsin-Milwaukee","Wisconsin","WI","Public",11084,21812,90300,17,"17307.7647"
"University of Wisconsin-Oshkosh","Wisconsin","WI","Public",8820,16268,84300,10,"15013.8719"
"University of Wisconsin-Parkside","Wisconsin","WI","Public",7529,15555,81400,17,"11277.0567"
"University of Wisconsin-Platteville","Wisconsin","WI","Public",7571,15151,100300,38,"14845.11818"
"University of Wisconsin-River Falls","Wisconsin","WI","Public",7862,14375,81300,14,"14073.33276"
"University of Wisconsin-Stout","Wisconsin","WI","Public",9457,16381,89500,14,"15390.42367"
"University of Wisconsin-Whitewater","Wisconsin","WI","Public",7692,14478,89300,8,"14315.91141"
"University of Wyoming","Wyoming","WY","Public",5400,15720,98800,25,"13365.00841"
"Upper Iowa University","Iowa","IA","Private",30450,38904,78000,3,"23596.83413"
"Ursinus College","Pennsylvania","PA","Private",52050,64800,101800,40,"27089.73829"
"Valley City State University","North Dakota","ND","Public",7626,14072,68600,3,"11824.05526"
"Valparaiso University","Indiana","IN","Private",40260,52120,98000,31,"21836.47666"
"Vanderbilt University","Tennessee","TN","Private",49816,66050,119100,23,"12092.7911"
"Vermont Technical College","Vermont","VT","Public",15108,25706,93900,4,"21038.35689"
"Villanova University","Pennsylvania","PA","Private",53308,67328,119500,23,"32134.23174"
"Virginia Commonwealth University","Virginia","VA","Public",14490,24918,88200,18,"23562.29271"
"Virginia Military Institute","Virginia","VA","Public",18862,28290,120600,47,"10021.49504"
"Virginia Polytechnic Institute and State University","Virginia","VA","Public",13620,22554,114000,42,"18830.25588"
"Virginia State University","Virginia","VA","Public",9056,20264,81800,14,"18174.96965"
"Viterbo University","Wisconsin","WI","Private",27970,37030,81900,3,"18053.6934"
"Wabash College","Indiana","IN","Private",43450,53500,114400,34,"18056.10066"
"Wake Forest University","North Carolina","NC","Private",53322,69354,114800,13,"20966.22125"
"Walla Walla University","Washington","WA","Private",28035,32310,97800,22,"22468.90017"
"Walsh College of Accountancy and Business Administration","Michigan","MI","Private",17625,17625,85200,5,"#N/A"
"Wartburg College","Iowa","IA","Private",41280,51276,88000,34,"20675.13137"
"Washburn University","Kansas","KS","Public",8870,17107,83000,4,"15494.27892"
"Washington Adventist University","Maryland","MD","Private",23900,33270,97600,9,"18435.18221"
"Washington College","Maryland","MD","Private",46978,59392,93500,21,"27947.68106"
"Washington State University","Washington","WA","Public",11581,22979,103700,20,"16551.29618"
"Wayne State College","Nebraska","NE","Public",6989,14657,73400,11,"14281.37254"
"Wayne State University","Michigan","MI","Public",13347,23774,91700,21,"15163.02425"
"Webb Institute","New York","NY","Private",50175,65225,141800,100,"0"
"Webster University","Missouri","MO","Private",27900,38950,83500,2,"21833.91924"
"Wellesley College","Massachusetts","MA","Private",53732,70200,106200,34,"13307.42352"
"Wentworth Institute of Technology","Massachusetts","MA","Private",33950,48140,112700,39,"36375.64909"
"Wesley College","Delaware","DE","Private",26406,38123,77300,2,"24536.53619"
"Wesleyan University","Connecticut","CT","Private",54914,69974,117000,21,"15400.74428"
"West Liberty University","West Virginia","WV","Public",7730,17136,77000,6,"15068.90746"
"West Virginia State University","West Virginia","WV","Public",8167,20059,76000,8,"11031.37291"
"West Virginia University","West Virginia","WV","Public",8856,19774,99900,22,"13164.91551"
"West Virginia University Institute of Technology","West Virginia","WV","Public",7464,18854,103700,40,"11678.5517"
"West Virginia Wesleyan College","West Virginia","WV","Private",31640,40496,85200,21,"18683.57204"
"Western Connecticut State University","Connecticut","CT","Public",10819,23891,88100,6,"18251.16927"
"Western Governors University","Utah","UT","Private",6670,6670,91500,9,"0"
"Western Kentucky University","Kentucky","KY","Public",10602,18945,83100,10,"15418.47383"
"Western Michigan University","Michigan","MI","Public",12483,22626,92200,16,"19159.86371"
"Western New England University","Massachusetts","MA","Private",36804,50394,103000,21,"28630.73698"
"Western New Mexico University","New Mexico","NM","Public",6824,15960,76700,4,"0"
"Western Oregon University","Oregon","OR","Public",9540,19955,79300,5,"17631.62012"
"Western State Colorado University","Colorado","CO","Public",10114,19749,81500,19,"19075.37649"
"Western Washington University","Washington","WA","Public",8132,19598,99300,16,"16305.70027"
"Wheeling Jesuit University","West Virginia","WV","Private",29290,39190,83400,5,"17168.1831"
"Whitman College","Washington","WA","Private",51764,64938,102600,33,"31219.8134"
"Whitworth University","Washington","WA","Private",43640,55136,88800,18,"27175.46994"
"Wichita State University","Kansas","KS","Public",8271,19523,87300,24,"15683.95922"
"Widener University","Pennsylvania","PA","Private",45948,60394,100100,13,"30451.43374"
"Willamette University","Oregon","OR","Private",50074,62514,97700,14,"25359.83755"
"William Carey University","Mississippi","MS","Private",12600,19410,71800,6,"15237.82049"
"William Jewell College","Missouri","MO","Private",34400,44330,94500,12,"20433.87951"
"William Paterson University of New Jersey","New Jersey","NJ","Public",13060,24505,90200,7,"19359.84059"
"William Penn University","Iowa","IA","Private",25600,32552,78300,7,"22200.66294"
"Winona State University","Minnesota","MN","Public",9425,18435,86800,10,"15628.01101"
"Winthrop University","South Carolina","SC","Public",15590,24902,79700,9,"18593.1258"
"Wisconsin Lutheran College","Wisconsin","WI","Private",29725,39915,82500,10,"17262.93968"
"Wittenberg University","Ohio","OH","Private",39500,49856,105400,22,"24920.30496"
"Wofford College","South Carolina","SC","Private",43845,56530,96600,28,"22429.33167"
"Worcester Polytechnic Institute","Massachusetts","MA","Private",50530,65304,135500,86,"35927.40302"
"Xavier University","Ohio","OH","Private",38530,51310,94000,7,"31261.33982"
"Xavier University of Louisiana","Louisiana","LA","Private",24488,33535,88200,35,"20548.549"
"Yeshiva University","New York","NY","Private",43500,55750,112800,11,"27638.11709"
